<?xml version="1.0" encoding="utf-8"?>
<Window caption="0,0,0,30" sizebox="4,4,4,4" roundcorner="4,4" size="650,430">
  <Font id="0" name="微软雅黑" size="14" bold="true"/>
  <Font id="1" name="宋体" size="12" bold="false"/>
  <Default name="VScrollBar" value="button1normalimage=&quot;file='scroll.png' source='0,0,16,16'&quot; button1hotimage=&quot;file='scroll.png' source='0,0,16,16' mask='#FFFF00FF'&quot; button1pushedimage=&quot;file='scroll.png' source='0,16,16,32' mask='#FFFF00FF'&quot; button1disabledimage=&quot;file='scroll.png' source='0,0,16,16' mask='#FFFF00FF'&quot; button2normalimage=&quot;file='scroll.png' source='0,32,16,48' mask='#FFFF00FF'&quot; button2hotimage=&quot;file='scroll.png' source='0,32,16,48' mask='#FFFF00FF'&quot; button2pushedimage=&quot;file='scroll.png' source='0,48,16,64' mask='#FFFF00FF'&quot; button2disabledimage=&quot;file='scroll.png' source='0,32,16,48' mask='#FFFF00FF'&quot; thumbnormalimage=&quot;file='scroll.png' source='0,64,16,80' corner='2,2,2,2' mask='#FFFF00FF'&quot; thumbhotimage=&quot;file='scroll.png' source='0,64,16,80' corner='2,2,2,2' mask='#FFFF00FF'&quot; thumbpushedimage=&quot;ffile='scroll.png' source='0,64,16,80' corner='2,2,2,2' mask='#FFFF00FF'&quot; thumbdisabledimage=&quot;file='scroll.png' source='0,64,16,80' corner='2,2,2,2' mask='#FFFF00FF'&quot; railnormalimage=&quot;file='scroll.png' source='0,80,16,96' corner='2,2,2,2' mask='#FFFF00FF'&quot; railhotimage=&quot;file='scroll.png' source='0,80,16,96' corner='2,2,2,2' mask='#FFFF00FF'&quot; railpushedimage=&quot;file='scroll.png' source='0,96,16,112' corner='2,2,2,2' mask='#FFFF00FF'&quot; raildisabledimage=&quot;file='scroll.png' source='0,80,16,96' corner='2,2,2,2' mask='#FFFF00FF'&quot; bknormalimage=&quot;file='scroll.png' source='0,128,16,146' corner='2,2,2,2' mask='#FFFF00FF'&quot; bkhotimage=&quot;file='scroll.png' source='0,128,16,146' corner='2,2,2,2' mask='#FFFF00FF'&quot; bkpushedimage=&quot;file='scroll.png' source='0,128,16,146' corner='2,2,2,2' mask='#FFFF00FF'&quot; bkdisabledimage=&quot;file='scroll.png' source='0,128,16,146' corner='2,2,2,2' mask='#FFFF00FF'&quot; " />
  <VerticalLayout bkcolor="#FFECEFF4">
    <!--标题这一块-->
    <HorizontalLayout height="37" bkcolor="#FF006EDF">
      <!--这一块是需要占用标题栏空白区域把标题的按钮顶到最右边-->
      <Label name="captionEx" float="true" pos="10,3,0,0" width="523" height="37" text="极速下载引擎--By:QQ125388771" align="left" textcolor="#FFFFFFFF"/>
      <Control />
      <Button name="minbtn" float="false"  height="20" width="28" normalimage="sysbtn_mini_normal" hotimage="sysbtn_mini_hot" pushedimage="sysbtn_mini_pushed"/>
      <Button name="closebtn" float="false"   height="20" width="39" normalimage="sysbtn_close_normal" hotimage="sysbtn_close_hot" pushedimage="sysbtn_close_pushed"/>
    </HorizontalLayout>

    <!--tab选项卡-->
    <TabLayout name="down_Tablayout" bkcolor="#FFEAEAEA">
      
      <VerticalLayout name="tabOpt1">
        <HorizontalLayout height="35">
          <VerticalLayout width="100" height ="30">
            <Text name="URL" text="URLAddress:" padding="10,10,0,0" textcolor="#FF006EDF" align="center" ></Text>
          </VerticalLayout>
          <VerticalLayout height="30">
            <Edit name="input" padding="10,5,0,0"  bordercolor="#FF798A9C" bordersize="1" />
          </VerticalLayout>
          <Button name="jumpUrl"  padding="10,5,10,0"  width="50" text="Go" bordersize="1" bordercolor="#FF006EDF" height="20" textcolor="#FF006EDF" bkcolor="#FFFFFFFF" focusbordercolor="#FF006EDF" />
        </HorizontalLayout >
        <!--水平布局-->
        <HorizontalLayout padding="10,5,10,10">
          <VerticalLayout>
            <List name="listViewEx" bkcolor="#FFFFFFFF" itemshowhtml="true"  vscrollbar="true" hscrollbar="true" headerbkimage="file='list_header_bg.png'" itemalign="center" itembkcolor="#FFFFFFFF" menu="true">
              <ListHeader height="24" menu="true">
                <ListHeaderItem text="序号" font="1" width="30" hotimage="file='list_header_hot.png'" pushedimage="file='list_header_pushed.png'" sepimage="file='list_header_sep.png'" sepwidth="1"/>
                <ListHeaderItem text="文件名称" font="1" width="120" hotimage="file='list_header_hot.png'" pushedimage="file='list_header_pushed.png'" sepimage="file='list_header_sep.png'" sepwidth="1"/>
                <ListHeaderItem text="下载进度条" font="1" width="180" hotimage="file='list_header_hot.png'" pushedimage="file='list_header_pushed.png'" sepimage="file='list_header_sep.png'" sepwidth="1"/>
                <ListHeaderItem text="下载进度" font="1" width="110" hotimage="file='list_header_hot.png'" pushedimage="file='list_header_pushed.png'" sepimage="file='list_header_sep.png'" sepwidth="1"/>
                <ListHeaderItem text="下载速度" font="1" width="110" hotimage="file='list_header_hot.png'" pushedimage="file='list_header_pushed.png'" sepimage="file='list_header_sep.png'" sepwidth="1"/>
                <ListHeaderItem text="下载状态" font="1" width="90" hotimage="file='list_header_hot.png'" pushedimage="file='list_header_pushed.png'" sepimage="file='list_header_sep.png'" sepwidth="1"/>
              </ListHeader>       
            </List>
          </VerticalLayout>
        </HorizontalLayout>
      </VerticalLayout>
      <!--界面二-->
      <VerticalLayout name="tabOpt3">
        <HorizontalLayout height="50">
          <VerticalLayout height ="50" width="100">
            <Text text="常规设置:" font="0"  padding="10,5,10,10" />
          </VerticalLayout>
        </HorizontalLayout>
        <HorizontalLayout>
          <VerticalLayout height="30" width="150">       
            <Text text="下载文件保存位置:" padding="10,10,0,0" font="1"  />
          </VerticalLayout>
          <VerticalLayout height="30">
            <Edit name="downPath" padding="10,5,0,0"  bordercolor="#FF798A9C" bordersize="1" />
          </VerticalLayout>
          <Button name="savePath"  padding="10,5,10,0"  width="18"  height="16" tooltip="保存文件地址" textpadding="5,5,5,5"  font="0" textcolor="#FF2A2A2C" bkcolor="#FFE1EEFD" bordersize="1" bordercolor="#FF006EDF" hottextcolor="#FF2A2A2C" focusbordercolor="#FF006EDF" normalimage="imgs/tabbar/openfolder.png" hotimage="imgs/tabbar/openfolder_hover.png" pushedimage="imgs/tabbar/openfolder_hover.png" />
          <Control />
        </HorizontalLayout>
      </VerticalLayout>
      <!--界面三-->
      <VerticalLayout name="tabOpt2">
        <HorizontalLayout >
          <VerticalLayout>
            <RichEdit name="logRich" padding="10,5,10,10"  vscrollbar="true" bordercolor="#FF798A9C" bordersize="1"  multiline="true" readonly="true" />
          </VerticalLayout>
        </HorizontalLayout>
      </VerticalLayout>
    </TabLayout>

    <!-- 客户区域-->
    
    <HorizontalLayout name="tabbar" padding="0,5,0,0" height="50" childpadding="5">
      <Control />
      <Button name="clearbtn"  width="38" height="38" tooltip="清空已下载" normalimage="imgs/tabbar/clear.png" hotimage="imgs/tabbar/clear_hover.png" pushedimage="imgs/tabbar/clear_hover.png"/>
      <Button name="newbtn" width="38" height="38" tooltip="新建下载" normalimage="imgs/tabbar/new.png" hotimage="imgs/tabbar/new_hover.png" pushedimage="imgs/tabbar/new_hover.png"/>
      <Button name="settingbtn"  width="62" height="26" tooltip="设置" normalimage="imgs/tabbar/setting.png" hotimage="imgs/tabbar/setting.png" pushedimage="imgs/tabbar/setting_hover.png"/>
      
    </HorizontalLayout>
  </VerticalLayout>
</Window>