<?xml version="1.0" encoding="utf-8" standalone="yes" ?>
<Window >
  <VerticalLayout name="root" bkimage="file='imgs/main/bg.jpg'" bkcolor="#FF006EDF">

    <HorizontalLayout name="header" height="50" float="false" bkcolor="#FF006EDF"  bkimage="imgs/titlebar.png">
      <Container width="50" height="50" bkimage="imgs/logo.png" />

      <VerticalLayout inset="6,0,6,0"  >
        <HorizontalLayout name="title_bar" height="24" >
          <Label name="title" width="300" font="1" text="浏览器（miniblink版） v2.0 alpha" textcolor="#FFEFEFEF"/>
        </HorizontalLayout>

        <HorizontalLayout float="0,0,1,0" inset="0,-1,0,0" height="20">
          <Control  />
          <Button name="menubtn" visible="false" width="28" height="20" tooltip="菜单" normalimage="sysbtn_menu_normal" hotimage="sysbtn_menu_hot" pushedimage="sysbtn_menu_pushed"/>
          <Button name="skinbtn" width="28" height="20" tooltip="模式切换 切换到EStart界面" normalimage="sysbtn_skin_normal" hotimage="sysbtn_skin_hot" pushedimage="sysbtn_skin_pushed"/>
          <Button name="minbtn" width="28" height="20" tooltip="最小化" normalimage="sysbtn_mini_normal" hotimage="sysbtn_mini_hot" pushedimage="sysbtn_mini_pushed"/>
          <Button name="maxbtn" width="28" height="20" tooltip="最大化" normalimage="sysbtn_max_normal" hotimage="sysbtn_max_hot" pushedimage="sysbtn_max_pushed"/>
          <Button name="restorebtn" width="28" height="20" tooltip="还原" visible="false" normalimage="sysbtn_restore_normal" hotimage="sysbtn_restore_hot" pushedimage="sysbtn_restore_pushed"/>
          <Button name="closebtn" width="39" height="20" tooltip="关闭" normalimage="sysbtn_close_normal" hotimage="sysbtn_close_hot" pushedimage="sysbtn_close_pushed"/>
        </HorizontalLayout>

        <HorizontalLayout name="browser_tools" inset="0,0,0,0"  height="28" float="false" childpadding="5">
          <HorizontalLayout  height="26">
            <Button name="back_btn"  tooltip="后退" autocalcwidth="true" float="false" width="36" height="26" textcolor="#FF000000" disabledtextcolor="#FFA7A6AA" align="center" normalimage="file='imgs/backward.png' dest='0,0,36,26' source='0,0,36,26'" hotimage="file='imgs/backward.png' dest='0,0,36,26' source='36,0,72,26'" pushedimage="file='imgs/backward.png' dest='0,0,36,26' source='72,0,108,26'" disabledimage="file='imgs/backward.png' dest='0,0,36,26' source='108,0,144,26'" />
            <Button name="forward_btn"  tooltip="前进" autocalcwidth="true" float="false" width="36" height="26" textcolor="#FF000000" disabledtextcolor="#FFA7A6AA" align="center" normalimage="file='imgs/go.png' dest='0,0,36,26' source='108,0,144,26'" hotimage="file='imgs/go.png' dest='0,0,36,26' source='72,0,108,26'" pushedimage="file='imgs/go.png' dest='0,0,36,26' source='36,0,72,26'" disabledimage="file='imgs/go.png' dest='0,0,36,26' source='0,0,36,26'" />
            <Button name="refresh_btn" tooltip="刷新" float="false" autocalcwidth="true" width="26" height="26" textcolor="#FF000000" disabledtextcolor="#FFA7A6AA" align="center" normalimage="file='imgs/refresh.png' dest='0,0,26,26' source='0,0,26,26'" hotimage="file='imgs/refresh.png' dest='0,0,26,26' source='26,0,52,26'" pushedimage="file='imgs/refresh.png' dest='0,0,26,26' source='52,0,78,26'" />
          </HorizontalLayout>

          <HorizontalLayout name="address_bar" bordersize="1" width="420" bordercolor="#FFAAAAAA" inset="1,1,1,1" >
            <Edit name="address_edit" float="false"  tipvalue="请输入网址" tooltip="地址栏" />       
          
          </HorizontalLayout>

          <Button float="false" autocalcwidth="true" width="3" height="28" bkimage="file='imgs/tool_sep.png' dest='0,0,3,28' source='0,0,3,28'" textcolor="#FF000000" disabledtextcolor="#FFA7A6AA" align="center" />

          <Button name="js_btn" float="false" autocalcwidth="true" width="77" height="26" textcolor="#FF000000" disabledtextcolor="#FFA7A6AA" align="center" normalimage="file='imgs/ext_gameyouxi.png' dest='0,0,77,26' source='0,0,77,26'" hotimage="file='imgs/ext_gameyouxi.png' dest='0,0,77,26' source='77,0,154,26'" pushedimage="file='imgs/ext_gameyouxi.png' dest='0,0,77,26' source='154,0,231,26'" />

          <Button name="menu_btn" float="false" autocalcwidth="true"  width="51" height="26" textcolor="#FF000000" disabledtextcolor="#FFA7A6AA" align="center" normalimage="file='imgs/ext_gamescreen.png' dest='0,0,51,26' source='0,0,51,26'" hotimage="file='imgs/ext_gamescreen.png' dest='0,0,51,26' source='51,0,102,26'" pushedimage="file='imgs/ext_gamescreen.png' dest='0,0,51,26' source='102,0,153,26'" />
          <Button name="app_btn" float="false" autocalcwidth="true" width="50" height="26" textcolor="#FF000000" disabledtextcolor="#FFA7A6AA" align="center" normalimage="file='imgs/ext_gametool.png' dest='0,0,50,26' source='0,0,50,26'" hotimage="file='imgs/ext_gametool.png' dest='0,0,50,26' source='50,0,100,26'" pushedimage="file='imgs/ext_gametool.png' dest='0,0,50,26' source='100,0,150,26'" />

        </HorizontalLayout>

      </VerticalLayout>
    </HorizontalLayout>


    
      
    <HorizontalLayout name="HorizontalLayoutUI3" float="false" height="32" bkimage="imgs/tabbar.png">
      <HorizontalLayout name="HorizontalLayoutUI10"  float="false">
        <HorizontalLayout name="IContainer" float="false" height="32">    
    
          <Button name="newtab" float="false" pos="0,0,30,30" width="30" textcolor="#FF000000" disabledtextcolor="#FFA7A6AA" align="center" normalimage="file=&apos;imgs/tab_new.png&apos; dest=&apos;0,0,21,28&apos; source=&apos;0,0,21,28&apos;" hotimage="file=&apos;imgs/tab_new.png&apos; dest=&apos;0,0,21,28&apos; source=&apos;21,0,42,28&apos;" pushedimage="file=&apos;imgs/tab_new.png&apos; dest=&apos;0,0,21,28&apos; source=&apos;42,0,63,28&apos;" />
        </HorizontalLayout>
        <HorizontalLayout name="HorizontalLayoutUI17" float="false" width="50" height="32">
          <Button name="GoLeftBtn" float="true" pos="1,0,0,0" width="19" height="31" textcolor="#FF000000" disabledtextcolor="#FFA7A6AA" align="center" normalimage="file=&apos;imgs/tabscrollleft.png&apos; dest=&apos;0,0,19,30&apos; source=&apos;0,0,19,30&apos;" hotimage="file=&apos;imgs/tabscrollleft.png&apos; dest=&apos;0,0,19,30&apos; source=&apos;19,0,38,30&apos;" pushedimage="file=&apos;imgs/tabscrollleft.png&apos; dest=&apos;0,0,19,30&apos; source=&apos;38,0,57,30&apos;" disabledimage="file=&apos;imgs/tabscrollleft.png&apos; dest=&apos;0,0,19,30&apos; source=&apos;57,0,76,30&apos;" />
          <Button name="GoRightBtn" float="true" pos="24,0,0,0" width="19" height="31" textcolor="#FF000000" disabledtextcolor="#FFA7A6AA" align="center" normalimage="file=&apos;imgs/tabscrollright.png&apos; dest=&apos;0,0,19,30&apos; source=&apos;0,0,19,30&apos;" hotimage="file=&apos;imgs/tabscrollright.png&apos; dest=&apos;0,0,19,30&apos; source=&apos;19,0,38,30&apos;" pushedimage="file=&apos;imgs/tabscrollright.png&apos; dest=&apos;0,0,19,30&apos; source=&apos;38,0,57,30&apos;" disabledimage="file=&apos;imgs/tabscrollright.png&apos; dest=&apos;0,0,19,30&apos; source=&apos;57,0,76,30&apos;" />
        </HorizontalLayout>
      </HorizontalLayout>
    </HorizontalLayout>






    <VerticalLayout name="body" bkcolor="#FFFFFFFF">
      <TabLayout name="browser_tabbody" />
    </VerticalLayout>

    <HorizontalLayout name="HorizontalLayoutUI5" float="false" height="22" bkimage="imgs/statusbar.png">
      <HorizontalLayout name="HorizontalLayoutUI14" float="false">
        <Label name="LabelUI2" text="完成" float="true" pos="0,0,0,0" textcolor="#FF000000" disabledtextcolor="#FFA7A6AA" />
      </HorizontalLayout>
      <HorizontalLayout name="HorizontalLayoutUI15" float="false" width="150" height="22">
        <Progress name="ProgressUI1" float="true" pos="14,8,0,0" width="121" height="8" textcolor="#FF000000" disabledtextcolor="#FFA7A6AA" align="center" min="0" max="100" value="0" hor="true" />
      </HorizontalLayout>
      <HorizontalLayout name="HorizontalLayoutUI16" float="false"  width="450" height="26">
        <Button name="ButtonUI19" float="false"  width="108" height="22" textcolor="#FF000000" disabledtextcolor="#FFA7A6AA" align="center" normalimage="file=&apos;imgs/status_bosskey.png&apos; dest=&apos;0,0,108,22&apos; source=&apos;0,0,108,22&apos;" hotimage="file=&apos;imgs/status_bosskey.png&apos; dest=&apos;0,0,108,22&apos; source=&apos;108,0,216,22&apos;" pushedimage="file=&apos;imgs/status_bosskey.png&apos; dest=&apos;0,0,108,22&apos; source=&apos;216,0,324,22&apos;" />
        <Button name="download_btn" float="false" width="72" height="26" textcolor="#FF000000" disabledtextcolor="#FFA7A6AA" align="center" normalimage="file=&apos;imgs/status_repair.png&apos; dest=&apos;0,0,72,26&apos; source=&apos;0,0,72,26&apos;" hotimage="file=&apos;imgs/status_repair.png&apos; dest=&apos;0,0,72,26&apos; source=&apos;72,0,144,26&apos;" pushedimage="file=&apos;imgs/status_repair.png&apos; dest=&apos;0,0,72,26&apos; source=&apos;144,0,216,26&apos;" />
        <Button name="ButtonUI21" float="false" width="74" height="22" textcolor="#FF000000" disabledtextcolor="#FFA7A6AA" align="center" normalimage="file=&apos;imgs/status_clean.png&apos; dest=&apos;0,0,74,22&apos; source=&apos;0,0,74,22&apos;" hotimage="file=&apos;imgs/status_clean.png&apos; dest=&apos;0,0,74,22&apos; source=&apos;74,0,148,22&apos;" pushedimage="file=&apos;imgs/status_clean.png&apos; dest=&apos;0,0,74,22&apos; source=&apos;148,0,222,22&apos;" />
        <Button name="ButtonUI22" float="false"  width="49" height="22" textcolor="#FF000000" disabledtextcolor="#FFA7A6AA" align="center" normalimage="file=&apos;imgs/status_substitute.png&apos; dest=&apos;0,0,49,22&apos; source=&apos;0,0,49,22&apos;" hotimage="file=&apos;imgs/status_substitute.png&apos; dest=&apos;0,0,49,22&apos; source=&apos;49,0,98,22&apos;" pushedimage="file=&apos;imgs/status_substitute.png&apos; dest=&apos;0,0,49,22&apos; source=&apos;98,0,147,22&apos;" />
        <Button name="ButtonUI23" float="false" width="49" height="22" textcolor="#FF000000" disabledtextcolor="#FFA7A6AA" align="center" normalimage="file=&apos;imgs/status_clock.png&apos; dest=&apos;0,0,49,22&apos; source=&apos;0,0,49,22&apos;" hotimage="file=&apos;imgs/status_clock.png&apos; dest=&apos;0,0,49,22&apos; source=&apos;49,0,98,22&apos;" pushedimage="file=&apos;imgs/status_clock.png&apos; dest=&apos;0,0,49,22&apos; source=&apos;98,0,147,22&apos;" />
        <Button name="ButtonUI24" float="false"  width="49" height="22" textcolor="#FF000000" disabledtextcolor="#FFA7A6AA" align="center" normalimage="file=&apos;imgs/status_sound.png&apos; dest=&apos;0,0,49,22&apos; source=&apos;0,0,49,22&apos;" hotimage="file=&apos;imgs/status_sound.png&apos; dest=&apos;0,0,49,22&apos; source=&apos;49,0,98,22&apos;" pushedimage="file=&apos;imgs/status_sound.png&apos; dest=&apos;0,0,49,22&apos; source=&apos;98,0,147,22&apos;" />
        <Control name="ControlUI2" float="true" pos="435,7,0,0" width="15" height="15" bkimage="imgs/sizestatus.png" />
      </HorizontalLayout>
    </HorizontalLayout>
  </VerticalLayout>

</Window>
