<?xml version="1.0" encoding="utf-8" standalone="yes" ?>
<Window>
    <ListContainerElement>
        <HorizontalLayout width="500" height="281">
            <MacProgress align="center" disabledtextcolor="#FFA7A6AA" enabled="true" float="true" height="42" hotimage="file=&apos;state_down.png&apos; dest=&apos;9,9,33,33&apos;" innerRadius="17" name="stateBtn" normalimage="file=&apos;state_down.png&apos; dest=&apos;9,9,33,33&apos;" outerRadius="21" pos="15,9,0,0" progressBgkColor="#64cb22" progressColor="#64cb22" pushedimage="file=&apos;state_down.png&apos; dest=&apos;9,9,33,33&apos;" textcolor="#FF000000" value="80" width="42" />
            <Label name="downFileNameLabel" text="下载文件名" float="true" pos="70,8,0,0" width="309" height="21" textpadding="5,0,0,0" textcolor="#FF000000" disabledtextcolor="#FFA7A6AA" align="left" valign="center" endellipsis="true" />
            <Label name="leftTimeLabel" text="00:00:01" float="true" pos="130,30,0,0" width="65" height="21" textcolor="#00999999" disabledtextcolor="#FFA7A6AA" font="1" align="center" valign="center" />
            <Label name="sizeInfoLabel" text="365M/555M" float="true" pos="70,30,0,0" width="120" height="21" textpadding="5,0,0,0" textcolor="#00999999" disabledtextcolor="#FFA7A6AA" font="1" align="left" valign="center" />
            <Label name="stateLabel" text="下载失败" float="true" pos="290,30,0,0" width="89" height="21" textcolor="#00FF0000" disabledtextcolor="#FFA7A6AA" font="1" align="right" valign="center" />
        </HorizontalLayout>
    </ListContainerElement>
</Window>
